{"cameraMode":{"drawMode":0,"name":"Shaded","section":"Shading Mode"},"sceneLighting":false,"audioPlay":false,"sceneViewState":{"showFog":true,"showMaterialUpdate":false,"showSkybox":true,"showFlares":true,"showImageEffects":true,"showParticleSystems":true},"in2DMode":false,"pivot":{"x":1.7274365425109864,"y":0.7974365949630737,"z":19.389999389648439},"rotation":{"x":0.038981612771749499,"y":0.020982343703508378,"z":-0.0008181234588846564,"w":0.9990224242210388},"size":4.217422962188721,"orthographic":false}