{"cameraMode":{"drawMode":0,"name":"Shaded","section":"Shading Mode"},"sceneLighting":false,"audioPlay":false,"sceneViewState":{"showFog":true,"showMaterialUpdate":false,"showSkybox":true,"showFlares":true,"showImageEffects":true,"showParticleSystems":true},"in2DMode":false,"pivot":{"x":-97.3153305053711,"y":0.8012502193450928,"z":-64.74723815917969},"rotation":{"x":0.038981612771749499,"y":0.020982343703508378,"z":-0.0008181234588846564,"w":0.9990224242210388},"size":2.547841787338257,"orthographic":false}