{"cameraMode":{"drawMode":0,"name":"Shaded","section":"Shading Mode"},"sceneLighting":false,"audioPlay":false,"sceneViewState":{"showFog":true,"showMaterialUpdate":false,"showSkybox":true,"showFlares":true,"showImageEffects":true,"showParticleSystems":true},"in2DMode":false,"pivot":{"x":586.0675048828125,"y":370.04437255859377,"z":0.0},"rotation":{"x":0.05084597319364548,"y":0.07184430211782456,"z":-0.0036666428204625847,"w":0.9961153864860535},"size":209.08154296875,"orthographic":false}