{"cameraMode":{"drawMode":0,"name":"Shaded","section":"Shading Mode"},"sceneLighting":false,"audioPlay":false,"sceneViewState":{"showFog":true,"showMaterialUpdate":false,"showSkybox":true,"showFlares":true,"showImageEffects":true,"showParticleSystems":true},"in2DMode":false,"pivot":{"x":5.5263519287109379,"y":0.1673240065574646,"z":14.273101806640625},"rotation":{"x":0.14795252680778504,"y":0.005933799780905247,"z":-0.0008872412145137787,"w":0.988979697227478},"size":1.6512871980667115,"orthographic":false}