{"cameraMode":{"drawMode":0,"name":"Shaded","section":"Shading Mode"},"sceneLighting":false,"audioPlay":false,"sceneViewState":{"showFog":true,"showMaterialUpdate":false,"showSkybox":true,"showFlares":true,"showImageEffects":true,"showParticleSystems":true},"in2DMode":false,"pivot":{"x":83.34171295166016,"y":0.30000001192092898,"z":-269.845703125},"rotation":{"x":0.038981612771749499,"y":0.020982343703508378,"z":-0.0008181234588846564,"w":0.9990224242210388},"size":1.6512659788131714,"orthographic":false}