{"cameraMode":{"drawMode":0,"name":"Shaded","section":"Shading Mode"},"sceneLighting":false,"audioPlay":false,"sceneViewState":{"showFog":true,"showMaterialUpdate":false,"showSkybox":true,"showFlares":true,"showImageEffects":true,"showParticleSystems":true},"in2DMode":false,"pivot":{"x":-1.4898512363433838,"y":1.151336669921875,"z":0.536468505859375},"rotation":{"x":0.12379661202430725,"y":0.07761461287736893,"z":-0.009713584557175637,"w":0.9892217516899109},"size":4.1779890060424809,"orthographic":false}