{"cameraMode":{"drawMode":0,"name":"Shaded","section":"Shading Mode"},"sceneLighting":false,"audioPlay":false,"sceneViewState":{"showFog":true,"showMaterialUpdate":false,"showSkybox":true,"showFlares":true,"showImageEffects":true,"showParticleSystems":true},"in2DMode":false,"pivot":{"x":4.689910888671875,"y":0.1673242449760437,"z":19.02520751953125},"rotation":{"x":0.07641517370939255,"y":0.016450872644782068,"z":-0.0012604782823473216,"w":0.9969430565834045},"size":1.6512848138809205,"orthographic":false}