{"cameraMode":{"drawMode":0,"name":"Shaded","section":"Shading Mode"},"sceneLighting":false,"audioPlay":false,"sceneViewState":{"showFog":true,"showMaterialUpdate":false,"showSkybox":true,"showFlares":true,"showImageEffects":true,"showParticleSystems":true},"in2DMode":false,"pivot":{"x":366.4499816894531,"y":336.1000061035156,"z":0.0},"rotation":{"x":0.05084597319364548,"y":0.07184430211782456,"z":-0.0036666428204625847,"w":0.9961153864860535},"size":383.8760986328125,"orthographic":false}