{"cameraMode":{"drawMode":0,"name":"Shaded","section":"Shading Mode"},"sceneLighting":false,"audioPlay":false,"sceneViewState":{"showFog":true,"showMaterialUpdate":false,"showSkybox":true,"showFlares":true,"showImageEffects":true,"showParticleSystems":true},"in2DMode":false,"pivot":{"x":9.641870498657227,"y":0.1673242449760437,"z":-2.49163818359375},"rotation":{"x":-0.21107999980449677,"y":0.28180772066116335,"z":-0.06370147317647934,"w":-0.9337942600250244},"size":1.651286005973816,"orthographic":false}