{"cameraMode":{"drawMode":0,"name":"Shaded","section":"Shading Mode"},"sceneLighting":false,"audioPlay":false,"sceneViewState":{"showFog":true,"showMaterialUpdate":false,"showSkybox":true,"showFlares":true,"showImageEffects":true,"showParticleSystems":true},"in2DMode":false,"pivot":{"x":18.03837013244629,"y":0.9077693819999695,"z":-125.90270233154297},"rotation":{"x":0.000611875846516341,"y":0.987566351890564,"z":-0.15715467929840089,"w":0.003844853024929762},"size":1.651280403137207,"orthographic":false}