{"cameraMode":{"drawMode":0,"name":"Shaded","section":"Shading Mode"},"sceneLighting":false,"audioPlay":false,"sceneViewState":{"showFog":true,"showMaterialUpdate":false,"showSkybox":true,"showFlares":true,"showImageEffects":true,"showParticleSystems":true},"in2DMode":false,"pivot":{"x":83.34171295166016,"y":0.30000001192092898,"z":-269.845703125},"rotation":{"x":0.000611875846516341,"y":0.987566351890564,"z":-0.15715467929840089,"w":0.003844853024929762},"size":1.6512659788131714,"orthographic":false}