{"cameraMode":{"drawMode":0,"name":"Shaded","section":"Shading Mode"},"sceneLighting":true,"audioPlay":false,"sceneViewState":{"showFog":true,"showMaterialUpdate":false,"showSkybox":true,"showFlares":true,"showImageEffects":true,"showParticleSystems":true},"in2DMode":false,"pivot":{"x":0.19999980926513673,"y":0.7699999809265137,"z":0.5500001907348633},"rotation":{"x":-0.05043502524495125,"y":-0.9377017021179199,"z":0.15383942425251008,"w":-0.3074171543121338},"size":40.010372161865237,"orthographic":false}