{"cameraMode":{"drawMode":0,"name":"Shaded","section":"Shading Mode"},"sceneLighting":true,"audioPlay":false,"sceneViewState":{"showFog":true,"showMaterialUpdate":false,"showSkybox":true,"showFlares":true,"showImageEffects":true,"showParticleSystems":true},"in2DMode":false,"pivot":{"x":54.15998840332031,"y":16.319992065429689,"z":-219.40557861328126},"rotation":{"x":-0.1365078091621399,"y":0.8435992002487183,"z":-0.2543264925479889,"w":-0.45279598236083987},"size":1495.317138671875,"orthographic":false}