{"cameraMode":{"drawMode":0,"name":"Shaded","section":"Shading Mode"},"sceneLighting":true,"audioPlay":false,"sceneViewState":{"showFog":true,"showMaterialUpdate":false,"showSkybox":true,"showFlares":true,"showImageEffects":true,"showParticleSystems":true},"in2DMode":false,"pivot":{"x":51.19529724121094,"y":4.233129024505615,"z":-211.319091796875},"rotation":{"x":-0.0004511848674155772,"y":-0.9906095862388611,"z":0.13668182492256165,"w":-0.003268113359808922},"size":34.22840118408203,"orthographic":false}