{"cameraMode":{"drawMode":0,"name":"Shaded","section":"Shading Mode"},"sceneLighting":true,"audioPlay":false,"sceneViewState":{"showFog":true,"showMaterialUpdate":false,"showSkybox":true,"showFlares":true,"showImageEffects":true,"showParticleSystems":true},"in2DMode":false,"pivot":{"x":27.798015594482423,"y":22.184585571289064,"z":-9.86771011352539},"rotation":{"x":0.053998466581106189,"y":-0.9444277286529541,"z":0.2556014955043793,"w":0.1995203047990799},"size":31.580251693725587,"orthographic":false}