{"cameraMode":{"drawMode":0,"name":"Shaded","section":"Shading Mode"},"sceneLighting":false,"audioPlay":false,"sceneViewState":{"showFog":true,"showMaterialUpdate":false,"showSkybox":true,"showFlares":true,"showImageEffects":true,"showParticleSystems":true},"in2DMode":false,"pivot":{"x":1.7274365425109864,"y":0.7974365949630737,"z":19.389999389648439},"rotation":{"x":0.13828012347221375,"y":-0.658833920955658,"z":0.12499997764825821,"w":0.7288289666175842},"size":4.217422008514404,"orthographic":false}