{"cameraMode":{"drawMode":0,"name":"Shaded","section":"Shading Mode"},"sceneLighting":false,"audioPlay":false,"sceneViewState":{"showFog":true,"showMaterialUpdate":false,"showSkybox":true,"showFlares":true,"showImageEffects":true,"showParticleSystems":true},"in2DMode":false,"pivot":{"x":11.54929256439209,"y":1.0199999809265137,"z":5.218087196350098},"rotation":{"x":0.3833785355091095,"y":-0.34647467732429507,"z":0.15785744786262513,"w":0.8414613604545593},"size":5.774658203125,"orthographic":false}