{"cameraMode":{"drawMode":0,"name":"Shaded","section":"Shading Mode"},"sceneLighting":false,"audioPlay":false,"sceneViewState":{"showFog":true,"showMaterialUpdate":false,"showSkybox":true,"showFlares":true,"showImageEffects":true,"showParticleSystems":true},"in2DMode":false,"pivot":{"x":-140.40255737304688,"y":1.4616944789886475,"z":-165.39999389648438},"rotation":{"x":0.13828012347221375,"y":-0.658833920955658,"z":0.12499997764825821,"w":0.7288289666175842},"size":4.21743631362915,"orthographic":false}