{"cameraMode":{"drawMode":0,"name":"Shaded","section":"Shading Mode"},"sceneLighting":false,"audioPlay":false,"sceneViewState":{"showFog":true,"showMaterialUpdate":false,"showSkybox":true,"showFlares":true,"showImageEffects":true,"showParticleSystems":true},"in2DMode":false,"pivot":{"x":65.81092071533203,"y":0.9077699184417725,"z":-44.623077392578128},"rotation":{"x":0.08062232285737992,"y":0.20628871023654939,"z":-0.01705770567059517,"w":0.9750149846076965},"size":1.651293158531189,"orthographic":false}