{"cameraMode":{"drawMode":0,"name":"Shaded","section":"Shading Mode"},"sceneLighting":false,"audioPlay":false,"sceneViewState":{"showFog":true,"showMaterialUpdate":false,"showSkybox":true,"showFlares":true,"showImageEffects":true,"showParticleSystems":true},"in2DMode":false,"pivot":{"x":-85.19999694824219,"y":0.797436535358429,"z":-241.8025665283203},"rotation":{"x":0.13828012347221375,"y":-0.658833920955658,"z":0.12499997764825821,"w":0.7288289666175842},"size":4.21742057800293,"orthographic":false}