{"cameraMode":{"drawMode":0,"name":"Shaded","section":"Shading Mode"},"sceneLighting":false,"audioPlay":false,"sceneViewState":{"showFog":true,"showMaterialUpdate":false,"showSkybox":true,"showFlares":true,"showImageEffects":true,"showParticleSystems":true},"in2DMode":false,"pivot":{"x":35.152565002441409,"y":0.721248984336853,"z":-24.399999618530275},"rotation":{"x":0.13828012347221375,"y":-0.658833920955658,"z":0.12499997764825821,"w":0.7288289666175842},"size":4.217421054840088,"orthographic":false}