{"cameraMode":{"drawMode":0,"name":"Shaded","section":"Shading Mode"},"sceneLighting":true,"audioPlay":false,"sceneViewState":{"showFog":true,"showMaterialUpdate":false,"showSkybox":true,"showFlares":true,"showImageEffects":true,"showParticleSystems":true},"in2DMode":false,"pivot":{"x":304.0711669921875,"y":-464.31353759765627,"z":-193.64596557617188},"rotation":{"x":0.3537864089012146,"y":-0.03001391515135765,"z":0.011359313502907753,"w":0.9347755312919617},"size":854.941162109375,"orthographic":false}