{"cameraMode":{"drawMode":0,"name":"Shaded","section":"Shading Mode"},"sceneLighting":true,"audioPlay":false,"sceneViewState":{"showFog":true,"showMaterialUpdate":false,"showSkybox":true,"showFlares":true,"showImageEffects":true,"showParticleSystems":true},"in2DMode":false,"pivot":{"x":782.2317504882813,"y":551.4227294921875,"z":1.895461082458496},"rotation":{"x":0.18930235505104066,"y":0.05976061150431633,"z":-0.011543304659426213,"w":0.9800306558609009},"size":986.2156982421875,"orthographic":false}