{"cameraMode":{"drawMode":0,"name":"Shaded","section":"Shading Mode"},"sceneLighting":false,"audioPlay":false,"sceneViewState":{"showFog":true,"showMaterialUpdate":false,"showSkybox":true,"showFlares":true,"showImageEffects":true,"showParticleSystems":true},"in2DMode":false,"pivot":{"x":-218.18795776367188,"y":-41.286827087402347,"z":-76.59712982177735},"rotation":{"x":0.18930235505104066,"y":0.05976061150431633,"z":-0.011543304659426213,"w":0.9800306558609009},"size":1706.171875,"orthographic":false}