{"cameraMode":{"drawMode":0,"name":"Shaded","section":"Shading Mode"},"sceneLighting":true,"audioPlay":false,"sceneViewState":{"showFog":true,"showMaterialUpdate":false,"showSkybox":true,"showFlares":true,"showImageEffects":true,"showParticleSystems":true},"in2DMode":false,"pivot":{"x":74.08906555175781,"y":-174.09396362304688,"z":120.54788208007813},"rotation":{"x":0.27412834763526919,"y":0.6252899169921875,"z":-0.24961382150650025,"w":0.6867015957832336},"size":311.01104736328127,"orthographic":false}