{"cameraMode":{"drawMode":0,"name":"Shaded","section":"Shading Mode"},"sceneLighting":true,"audioPlay":false,"sceneViewState":{"showFog":true,"showMaterialUpdate":false,"showSkybox":true,"showFlares":true,"showImageEffects":true,"showParticleSystems":true},"in2DMode":false,"pivot":{"x":21.389404296875,"y":7.9383697509765629,"z":21.860336303710939},"rotation":{"x":0.004234805703163147,"y":0.825312077999115,"z":0.006190003827214241,"w":-0.5646271109580994},"size":187.09837341308595,"orthographic":false}