{"cameraMode":{"drawMode":0,"name":"Shaded","section":"Shading Mode"},"sceneLighting":false,"audioPlay":false,"sceneViewState":{"showFog":true,"showMaterialUpdate":false,"showSkybox":true,"showFlares":true,"showImageEffects":true,"showParticleSystems":true},"in2DMode":false,"pivot":{"x":0.960829496383667,"y":4.107569217681885,"z":3.074573516845703},"rotation":{"x":-0.11792153120040894,"y":-0.1005159392952919,"z":0.011998690664768219,"w":-0.9878497123718262},"size":5.586349010467529,"orthographic":false}