{"cameraMode":{"drawMode":0,"name":"Shaded","section":"Shading Mode"},"sceneLighting":false,"audioPlay":false,"sceneViewState":{"showFog":true,"showMaterialUpdate":false,"showSkybox":true,"showFlares":true,"showImageEffects":true,"showParticleSystems":true},"in2DMode":false,"pivot":{"x":-0.0009250640869140625,"y":2.909620761871338,"z":-1.0892715454101563},"rotation":{"x":-0.046027518808841708,"y":0.2371518760919571,"z":-0.011249497532844544,"w":-0.970316469669342},"size":25.72294807434082,"orthographic":false}